link部分,link命名,质量,质心x,质心y,质心z,惯量ixx,惯量ixy,惯量ixz,惯量iyy,惯量iyz,惯量izz,,,,,,,,
下半身,pelvis,11.09264,0.000058,0.000357,-0.054446,0.07166,-0.000356,-0.002017,0.065195,0.000097,0.049883,,,,,,,,
左腿,hip_pitch_l_link,2.427595,0.009137,0.070235,-0.024662,0.00525,-0.000103,0.000064,0.003734,0.000156,0.003966,,,,,,,,
,hip_roll_l_link,0.578439,-0.002953,-0.000095,-0.037153,0.001108,0.000003,0.00004,0.001818,-0.000001,0.001505,,,,,,,,
,hip_yaw_l_link,5.766953,0.001274,-0.023741,-0.132464,0.047987,-0.000286,-0.000443,0.0454,-0.00214,0.015312,,,,,,,,
,knee_pitch_l_link,3.14544,0.024736,0.000774,-0.150638,0.032343,-0.000047,-0.001178,0.032448,-0.000677,0.003699,,,,,,,,
,ankle_pitch_l_link,0.122342,0,0,0,0.000038,0,0,0.000025,0,0.000018,,,,,,,,
,ankle_roll_l_link,0.826437,0.025067,0.000002,-0.033303,0.000702,0,0.000201,0.004499,0,0.00479,,,,,,,,
右腿,hip_pitch_r_link,2.427595,0.009137,-0.070235,-0.024662,0.00525,0.000103,0.000064,0.003734,-0.000156,0.003966,,,,,,,,
,hip_roll_r_link,0.578439,-0.002953,0.000095,-0.037153,0.001108,-0.000003,0.00004,0.001818,0.000001,0.001505,,,,,,,,
,hip_yaw_r_link,5.766953,0.001274,0.023741,-0.132464,0.047987,0.000286,-0.000443,0.0454,0.00214,0.015312,,,,,,,,
,knee_pitch_r_link,3.14544,0.024736,-0.000774,-0.150638,0.032343,0.000047,-0.001178,0.032448,0.000677,0.003699,,,,,,,,
,ankle_pitch_r_link,0.122342,0,0,0,0.000038,0,0,0.000025,0,0.000018,,,,,,,,
,ankle_roll_r_link,0.826437,0.025067,-0.000002,-0.033303,0.000702,0,0.000201,0.004499,0,0.00479,,,,,,,,
腰,waist_yaw_link,2.135803,-0.001865,-0.000919,0.038314,0.00317,-0.000064,0.000201,0.003374,0.000084,0.00233,,,,,,,,
,waist_roll_link,3.894484,-0.007689,-0.005293,0.069696,0.015903,0.000774,0.000017,0.008878,0.000087,0.016296,,,,,,,,
,waist_pitch_link,9.973084,-0.004236,0.001466,0.18249,0.157779,-0.000188,0.002657,0.120648,0.000217,0.094423,,,,,,,,
头部,head_yaw_link,1.057204,0.013079,-0.000325,0.024349,0.002048,0.00006,-0.000057,0.001827,0.00005,0.002642,,,,,,,,
,head_pitch_link,0.077424,-0.002436,0.002451,-0.000046,0.000092,0.000002,0,0.000024,0,0.000086,,,,,,,,
左臂,shoulder_pitch_l_link,0.967698,0.004116,0.061287,-0.000026,0.000726,-0.000031,-0.000001,0.001028,0,0.00128,,,,,,,,
,shoulder_roll_l_link,0.460858,0.000619,-0.000505,-0.048667,0.00085,-0.000001,-0.000033,0.00105,-0.000005,0.000594,,,,,,,,
,shoulder_yaw_l_link,1.53899,0.010088,0.004252,-0.094438,0.008548,-0.000047,0.000995,0.008121,0.000389,0.001454,,,,,,,,
,elbow_pitch_l_link,0.762706,-0.017074,0.00081,-0.061526,0.001489,-0.000006,-0.000113,0.001346,-0.000024,0.000806,,,,,,,,
,elbow_yaw_l_link,0.31993,-0.000303,0.004743,-0.052097,0.000519,-0.000001,0.000001,0.000404,0.000017,0.000291,,,,,,,,
,wrist_pitch_l_link,1.089228,-0.000656,-0.000789,-0.02945,0.0018,-0.000001,-0.000025,0.001748,0.00003,0.000788,,,,,,,,
,wrist_roll_l_link,0.162372,0.015688,0.000009,-0.022145,0.000107,0,-0.000043,0.000127,0,0.000098,,,,,,,,
,left_tcp_link,0.384094,0.003693,-0.005984,-0.055343,0.000428,0.000016,-0.000006,0.000543,-0.000042,0.000378,,,,,,,,
右臂,shoulder_pitch_r_link,0.967698,0.004116,-0.061287,-0.000026,0.000726,0.000031,-0.000001,0.001028,0,0.00128,,,,,,,,
,shoulder_roll_r_link,0.460858,0.000619,0.000505,-0.048667,0.00085,0.000001,-0.000033,0.00105,0.000005,0.000594,,,,,,,,
,shoulder_yaw_r_link,1.53899,0.010088,-0.004252,-0.094438,0.008548,0.000047,0.000995,0.008121,-0.000389,0.001454,,,,,,,,
,elbow_pitch_r_link,0.762706,-0.017074,-0.00081,-0.061526,0.001489,0.000006,-0.000113,0.001346,0.000024,0.000806,,,,,,,,
,elbow_yaw_r_link,0.31993,-0.000303,-0.004743,-0.052097,0.000519,0.000001,0.000001,0.000404,-0.000017,0.000291,,,,,,,,
,wrist_pitch_r_link,1.089228,-0.000656,0.000789,-0.02945,0.0018,0.000001,-0.000025,0.001748,-0.00003,0.000788,,,,,,,,
,wrist_roll_r_link,0.162372,0.015688,-0.000009,-0.022145,0.000107,0,-0.000043,0.000127,0,0.000098,,,,,,,,
,right_tcp_link,0.384094,0.003693,0.005984,-0.055343,0.000428,-0.000016,-0.000006,0.000543,0.000042,0.000378,,,,,,,,
传感器,camera_head_link,0.1,0.010986,-0.000307,-0.016475,0.000016,0,0,0.00008,0,0.000077,,,,,,,,
,radar_head_link,0.265,-0.0002,-0.000006,-0.017365,0.000124,0,0,0.000133,0,0.000132,,,,,,,,
,camera_body_front_link,0.1,0.010986,-0.000307,-0.016475,0.000016,0,0,0.00008,0,0.000077,,,,,,,,
,imu_waist_link,0.008,0.001734,0.001046,-0.009253,0.000001,0,0,0.000001,0,0.000001,,,,,,,,
,imu_head_link,0.008,0.001734,0.001046,-0.009253,0.000001,0,0,0.000001,0,0.000001,,,,,,,,
,,,,,,,,,,,,,,,,,,,
joint部分,joint命名,类型,轴向,关节下限(度),关节上限(度),速度限制(RPM),力矩限制(牛米),,,,,,,,,,,,
左腿,hip_pitch_l_joint,revolute,y,-175,160,160,235,,,,,,,,,,,,
,hip_roll_l_joint,revolute,x,-24,150,160,235,,,,,,,,,,,,
,hip_yaw_l_joint,revolute,z,-80,255,132,150,,,,,,,,,,,,
,knee_pitch_l_joint,revolute,y,-5,145,106,400,,,,,,,,,,,,
,ankle_pitch_l_joint,revolute,y,-68,30,135,55,,,,,,,,,,,,
,ankle_roll_l_joint,revolute,x,-30,30,135,55,,,,,,,,,,,,
右腿,hip_pitch_r_joint,revolute,y,-175,160,160,235,,,,,,,,,,,,
,hip_roll_r_joint,revolute,x,-150,24,160,235,,,,,,,,,,,,
,hip_yaw_r_joint,revolute,z,-255,80,132,150,,,,,,,,,,,,
,knee_pitch_r_joint,revolute,y,-5,145,106,400,,,,,,,,,,,,
,ankle_pitch_r_joint,revolute,y,-68,30,135,55,,,,,,,,,,,,
,ankle_roll_r_joint,revolute,x,-30,30,135,55,,,,,,,,,,,,
腰,waist_yaw_joint,revolute,z,-150,185,96,200,,,,,,,,,,,,
,waist_roll_joint,revolute,x,-25,25,132,150,,,,,,,,,,,,
,waist_pitch_joint,revolute,y,-30,50,132,150,,,,,,,,,,,,
头,head_yaw_joint,revolute,z,-60,60,73,6.3,,,,,,,,,,,,
,head_pitch_joint,revolute,y,-50,15,73,6.3,,,,,,,,,,,,
左臂,shoulder_pitch_l_joint,revolute,y,-163,163,68.93,90,,,,,,,,,,,,
,shoulder_roll_l_joint,revolute,x,-11,191,68.93,90,,,,,,,,,,,,
,shoulder_yaw_l_joint,revolute,z,-163,163,109.39,50,,,,,,,,,,,,
,elbow_pitch_l_joint,revolute,y,-146,11,109.39,50,,,,,,,,,,,,
,elbow_yaw_l_joint,revolute,z,-163,163,175,40,,,,,,,,,,,,
,wrist_pitch_l_joint,revolute,y,-76,76,175,40,,,,,,,,,,,,
,wrist_roll_l_joint,revolute,x,-76,76,175,40,,,,,,,,,,,,
,left_tcp_joint,fixed,null,null,null,null,null,,,,,,,,,,,,
右臂,shoulder_pitch_r_joint,revolute,y,-163,163,68.93,90,,,,,,,,,,,,
,shoulder_roll_r_joint,revolute,x,-191,11,68.93,90,,,,,,,,,,,,
,shoulder_yaw_r_joint,revolute,z,-163,163,109.39,50,,,,,,,,,,,,
,elbow_pitch_r_joint,revolute,y,-146,11,109.39,50,,,,,,,,,,,,
,elbow_yaw_r_joint,revolute,z,-163,163,175,40,,,,,,,,,,,,
,wrist_pitch_r_joint,revolute,y,-76,76,175,40,,,,,,,,,,,,
,wrist_roll_r_joint,revolute,x,-76,76,175,40,,,,,,,,,,,,
,right_tcp_joint,fixed,null,null,null,null,null,,,,,,,,,,,,
传感器,camera_head_joint,fixed,null,null,null,null,null,,,,,,,,,,,,
,radar_head_joint,fixed,null,null,null,null,null,,,,,,,,,,,,
,camera_body_front_joint,fixed,null,null,null,null,null,,,,,,,,,,,,
,imu_waist_joint,fixed,null,null,null,null,null,,,,,,,,,,,,
,imu_head_joint,fixed,null,null,null,null,null,,,,,,,,,,,,