Link Name,Center of Mass X,Center of Mass Y,Center of Mass Z,Center of Mass Roll,Center of Mass Pitch,Center of Mass Yaw,Mass,Moment Ixx,Moment Ixy,Moment Ixz,Moment Iyy,Moment Iyz,Moment Izz,Visual X,Visual Y,Visual Z,Visual Roll,Visual Pitch,Visual Yaw,Mesh Filename,Color Red,Color Green,Color Blue,Color Alpha,Collision X,Collision Y,Collision Z,Collision Roll,Collision Pitch,Collision Yaw,Collision Mesh Filename,Material Name,SW Components,Coordinate System,Axis Name,Joint Name,Joint Type,Joint Origin X,Joint Origin Y,Joint Origin Z,Joint Origin Roll,Joint Origin Pitch,Joint Origin Yaw,Parent,Joint Axis X,Joint Axis Y,Joint Axis Z,Limit Effort,Limit Velocity,Limit Lower,Limit Upper,Calibration rising,Calibration falling,Dynamics Damping,Dynamics Friction,Safety Soft Upper,Safety Soft Lower,Safety K Position,Safety K Velocity
right_hand_base,0.000590324230515735,-4.41066235895571E-08,0.018658168492136,0,0,0,0.0816272765426702,2.75104686550082E-05,-4.85912163791786E-11,3.17186486652321E-08,2.64222243265588E-05,1.09459930565619E-11,3.6293548175617E-05,0,0,0,0,0,0,package://RH5DG2_R/meshes/right_hand_base.STL,1,1,1,1,0,0,0,0,0,0,package://RH5DG2_R/meshes/right_hand_base.STL,,法兰franka_1-1,right_hand_base,,,,,,,,,,,,,,,,,,,,,,,,,
right_hand_palm,0.00507125568670492,0.000620017221916229,0.0956109997992984,0,0,0,0.261109888918733,0.000301182814598395,3.17995911128021E-06,-2.1510224496854E-05,0.000238695593099295,-2.01056810911847E-06,0.000101825568194148,0,0,0,0,0,0,package://RH5DG2_R/meshes/right_hand_palm.STL,0.25,0.25,0.25,1,0,0,0,0,0,0,package://RH5DG2_R/meshes/right_hand_palm.STL,,手掌R_1-1,right_hand_base,,right_hand_palm_joint,fixed,0,0,0,0,0,0,right_hand_base,0,0,0,,,,,,,,,,,,
right_thumb_yaw,0.000851897283662761,0.00483571971174276,-0.00574141841695078,0,0,0,0.00481735450280768,1.77883416432453E-07,-1.48523487903374E-08,-1.10223746267111E-09,9.58659671745105E-08,5.54372476859044E-11,1.65931218249892E-07,0,0,0,0,0,0,package://RH5DG2_R/meshes/right_thumb_yaw.STL,0.25,0.25,0.25,1,0,0,0,0,0,0,package://RH5DG2_R/meshes/right_thumb_yaw.STL,,拇指支座齿轮_1-1,t_1,t_a_1,right_thumb_yaw_joint,revolute,0.021,0.021699,0.07225,0,0,0,right_hand_palm,0,0,-1,1,2,0,1.9198622,,,,,,,,
right_thumb_mcp,0.0251946125741523,0.00470162547176872,-0.00721129474222341,0,0,0,0.041756071151766,4.59979341745295E-06,-1.45470106880432E-06,5.58870630907465E-09,6.84088254134631E-06,6.02428036010552E-09,8.65411062665035E-06,0,0,0,0,0,0,package://RH5DG2_R/meshes/right_thumb_mcp.STL,0.25,0.25,0.25,1,0,0,0,0,0,0,package://RH5DG2_R/meshes/right_thumb_mcp.STL,,零件9^AAAA_1-1,t_2,t_a_2,right_thumb_mcp_joint,revolute,0.0084186,0.010193,-0.01022,1.7453,0,1.3963,right_thumb_yaw,0,0,1,1,2,0,0.6108652,,,,,,,,
right_thumb_pip,0.019640864576423,0.00242395573987954,-0.0109191426787671,0,0,0,0.0413809633402248,4.96850464966812E-06,-1.31907241627235E-06,8.88959993924884E-09,6.85457643250907E-06,4.37339590314179E-09,8.67807228569467E-06,0,0,0,0,0,0,package://RH5DG2_R/meshes/right_thumb_pip.STL,0.25,0.25,0.25,1,0,0,0,0,0,0,package://RH5DG2_R/meshes/right_thumb_pip.STL,,零件8^AAAA_1-1,t_3,t_a_3,right_thumb_pip_joint,revolute,0.043727,0.01749,0.0036,0,0,0,right_thumb_mcp,0,0,1,1,2,0,1.041888,,,,,,,,
right_thumb_dip,0.0129223705541452,-0.00448868514595851,-0.00799774428292964,0,0,0,0.00737636136031025,4.78965075360936E-07,-3.84624380628832E-08,-9.99847610195398E-11,8.07508502456021E-07,-7.9139405536934E-11,8.31353144341822E-07,0,0,0,0,0,0,package://RH5DG2_R/meshes/right_thumb_dip.STL,0.25,0.25,0.25,1,0,0,0,0,0,0,package://RH5DG2_R/meshes/right_thumb_dip.STL,,零件7^AAAA_1-1,t_4,t_a_4,right_thumb_dip_joint,revolute,0.036427,0.019902,-0.0028,0,0,0,right_thumb_pip,0,0,1,1,2,0,0.9424778,,,,,,,,
right_thumb_force_sensor,1.4186055948438E-05,-0.00565480686323223,-0.00560251341375994,0,0,0,0.000820057364670789,3.88211249872824E-08,-9.63433399290458E-12,8.33518639927175E-13,1.76470617250222E-08,-9.0071851678727E-09,4.91659082889914E-08,0,0,0,0,0,0,package://RH5DG2_R/meshes/right_thumb_force_sensor.STL,0.25,0.25,0.25,1,0,0,0,0,0,0,package://RH5DG2_R/meshes/right_thumb_force_sensor.STL,,Aa指尖触觉002020_1-5,t_f_1,,right_thumb_force_sensor_joint,fixed,0.0253431804223682,0.00728216923716289,-0.00799988083776613,-1.25460186708025,-1.5705209595376,-0.490796335200502,right_thumb_dip,0,0,0,,,,,,,,,,,,
right_thumb_tip,-3.82725870859413E-06,0.00025821256993316,-0.000276799678417108,0,0,0,2.07888377193755E-06,2.15542638565836E-13,1.72423766115058E-16,8.46703331410433E-15,7.62491414722723E-13,1.23984302658416E-14,8.27738183226601E-13,0,0,0,0,0,0,package://RH5DG2_R/meshes/right_thumb_tip.STL,0.25,0.25,0.25,1,0,0,0,0,0,0,package://RH5DG2_R/meshes/right_thumb_tip.STL,,,,,right_thumb_tip_joint,fixed,0,0.007884,-0.0036694,1.339,-0.0030926,3.1279,right_thumb_force_sensor,0,0,0,,,,,,,,,,,,
right_index_yaw,0,-6.93889390390723E-18,5.20417042793042E-18,0,0,0,0.00153498446842142,4.00076216143907E-09,6.303382641719E-23,-9.57653989592479E-24,4.61102404938453E-08,2.46726229342685E-11,4.79544154880163E-08,0,0,0,0,0,0,package://RH5DG2_R/meshes/right_index_yaw.STL,0.25,0.25,0.25,1,0,0,0,0,0,0,package://RH5DG2_R/meshes/right_index_yaw.STL,,064轴承安装架99064001-0428-1,i_2,i_a_2,right_index_yaw_joint,revolute,0.0111,0.033249,0.15225,1.5842,0,1.5708,right_hand_palm,0,0,1,1,2,-0.26118,0.26118,,,,,,,,
right_index_mcp,-0.00111234919858527,0.023746901532495,0.0115739649260122,0,0,0,0.0128247691163396,1.46139438384275E-06,-1.66361860827506E-07,5.73065974807899E-08,7.300179043556E-07,7.2133053532142E-09,1.8705971687562E-06,0,0,0,0,0,0,package://RH5DG2_R/meshes/right_index_mcp.STL,0.25,0.25,0.25,1,0,0,0,0,0,0,package://RH5DG2_R/meshes/right_index_mcp.STL,,新版食指根部-1,i_1,i_a_1,right_index_mcp_joint,revolute,0.0114,0,0,-1.5708,-1.5574,1.5708,right_index_yaw,0,0,-1,1,2,0,1.3089969,,,,,,,,
right_index_pip,-0.00124281020481641,0.0110585126992036,0.00864414647077253,0,0,0,0.00574474647450532,5.22557555794742E-07,7.92367963367416E-08,-2.23189981461978E-10,4.5230355668029E-07,2.01137133321695E-09,5.21859623645051E-07,0,0,0,0,0,0,package://RH5DG2_R/meshes/right_index_pip.STL,0.25,0.25,0.25,1,0,0,0,0,0,0,package://RH5DG2_R/meshes/right_index_pip.STL,,零件4^Aa064食指总成_1-1,i_3,i_a_3,right_index_pip_joint,revolute,0.011359,0.042391,0.0029501,0,0,0,right_index_mcp,0,0,-1,1,2,0,1.4835299,,,,,,,,
right_index_dip,0.00237596413821437,0.0152477092114338,0.0081006526983466,0,0,0,0.00664977322701132,5.7432777486837E-07,-1.18336349935165E-07,2.26708126419936E-11,2.12671040478318E-07,-2.99084467848709E-11,5.21593055973438E-07,0,0,0,0,0,0,package://RH5DG2_R/meshes/right_index_dip.STL,0.25,0.25,0.25,1,0,0,0,0,0,0,package://RH5DG2_R/meshes/right_index_dip.STL,,零件3^Aa064食指总成_1-1,i_4,i_a_4,right_index_dip_joint,revolute,0,0.018776,0.00035,0,0,0,right_index_pip,0,0,-1,1,2,0,1.568,,,,,,,,
right_index_force_sensor,1.41949780405534E-05,-0.00565473030458449,-0.00560250416967377,0,0,0,0.000820047802781125,3.88212752725199E-08,-1.00049023845591E-11,7.94617257809378E-13,1.76468730233485E-08,-9.00717889032335E-09,4.91658291181457E-08,0,0,0,0,0,0,package://RH5DG2_R/meshes/right_index_force_sensor.STL,0.25,0.25,0.25,1,0,0,0,0,0,0,package://RH5DG2_R/meshes/right_index_force_sensor.STL,,Aa指尖触觉002020_1-4,i_f_1,,right_index_force_sensor_joint,fixed,0.0141343361995631,0.0290944849058042,0.00809978577346928,1.88699078647129,1.5705209595376,1.97686869271099,right_index_dip,0,0,0,,,,,,,,,,,,
right_index_tip,2.38485300843409E-06,0.000209401830919036,-0.000234327502442927,0,0,0,2.30719425461737E-06,6.81852267111991E-13,-1.13771020977016E-14,-1.32796950045336E-14,9.62751879378363E-13,1.21151097609318E-13,1.22488930811401E-12,0,0,0,0,0,0,package://RH5DG2_R/meshes/right_index_tip.STL,0.25,0.25,0.25,1,0,0,0,0,0,0,package://RH5DG2_R/meshes/right_index_tip.STL,,,,,right_index_tip_joint,fixed,0,0.00792351475241687,-0.00365714249860759,1.2702926252139,0.00822124080534079,-3.11560704751698,right_index_force_sensor,0,0,0,,,,,,,,,,,,
right_middle_yaw,-9.99999999996143E-06,0.00751404171756424,-0.00450041155133524,0,0,0,0.00153498446842142,4.00076216143907E-09,6.2122970917543E-23,-1.18244536311161E-23,4.61102404938452E-08,2.46726229342682E-11,4.79544154880162E-08,0,0,0,0,0,0,package://RH5DG2_R/meshes/right_middle_yaw.STL,0.25,0.25,0.25,1,0,0,0,0,0,0,package://RH5DG2_R/meshes/right_middle_yaw.STL,,064轴承安装架99064001-0428-2,m_2,m_a_2,right_middle_yaw_joint,revolute,0.0155,0.0075087,0.14468,1.5842,0,1.5708,right_hand_palm,0,0,1,1,2,-0.26118,0.26118,,,,,,,,
right_middle_mcp,-0.00111234939190872,0.0237469015316156,0.0115739648901726,0,0,0,0.0128247688513105,1.4613943772144E-06,-1.66361850716043E-07,5.73065973186847E-08,7.30017878245352E-07,7.21330736189422E-09,1.87059713910244E-06,0,0,0,0,0,0,package://RH5DG2_R/meshes/right_middle_mcp.STL,0.25,0.25,0.25,1,0,0,0,0,0,0,package://RH5DG2_R/meshes/right_middle_mcp.STL,,新版食指根部-2,m_1,m_a_1,right_middle_mcp_joint,revolute,0.01139,0.007514,-0.0045004,-1.5708,-1.5574,1.5708,right_middle_yaw,0,0,-1,1,2,0,1.3089969,,,,,,,,
right_middle_pip,-0.00124281008473322,0.0110585127564933,0.00864414651481931,0,0,0,0.00574474642023958,5.22557553399658E-07,7.92368006906362E-08,-2.23185927367092E-10,4.52303547199659E-07,2.0113727161431E-09,5.2185961247924E-07,0,0,0,0,0,0,package://RH5DG2_R/meshes/right_middle_pip.STL,0.25,0.25,0.25,1,0,0,0,0,0,0,package://RH5DG2_R/meshes/right_middle_pip.STL,,零件4^Aa064食指总成_1-2,m_3,m_a_3,right_middle_pip_joint,revolute,0.011359,0.042391,0.0029501,0,0,0,right_middle_mcp,0,0,-1,1,2,0,1.4835299,,,,,,,,
right_middle_dip,0.0024571133458794,0.0159454431470807,0.00810131079028982,0,0,0,0.00790902629237164,9.6515517374316E-07,-1.38327023707224E-07,6.81470429629376E-11,2.75318569065172E-07,-2.70098609195649E-11,9.19077164159677E-07,0,0,0,0,0,0,package://RH5DG2_R/meshes/right_middle_dip.STL,0.25,0.25,0.25,1,0,0,0,0,0,0,package://RH5DG2_R/meshes/right_middle_dip.STL,,零件3^Aa064中指总成_1-1,m_4,m_a_4,right_middle_dip_joint,revolute,0,0.018776,0.00035,0,0,0,right_middle_pip,0,0,-1,1,2,0,1.568,,,,,,,,
right_middle_force_sensor,1.41928087063412E-05,-0.00565473055818476,-0.00560250448990844,0,0,0,0.000820047993108032,3.88212665222155E-08,-1.00026819985357E-11,7.9063557502304E-13,1.76468825138068E-08,-9.00717506959589E-09,4.91658349624223E-08,0,0,0,0,0,0,package://RH5DG2_R/meshes/right_middle_force_sensor.STL,0.25,0.25,0.25,1,0,0,0,0,0,0,package://RH5DG2_R/meshes/right_middle_force_sensor.STL,,Aa指尖触觉002020_1-3,m_f_1,,right_middle_force_sensor_joint,fixed,0.0145526946572317,0.0310502395429959,0.00809978577347106,1.88699078647117,1.5705209595376,1.97686869271087,right_middle_dip,0,0,0,,,,,,,,,,,,
right_middle_tip,5.76976631398718E-06,0.000205047517431663,-0.000210310776310563,0,0,0,2.33129453312532E-06,3.18791235517728E-13,-8.5573599115257E-16,-1.64693852143902E-14,9.372675998218E-13,3.11936991090242E-14,9.17405553475594E-13,0,0,0,0,0,0,package://RH5DG2_R/meshes/right_middle_tip.STL,0.25,0.25,0.25,1,0,0,0,0,0,0,package://RH5DG2_R/meshes/right_middle_tip.STL,,,,,right_middle_tip_joint,fixed,0,0.00792351475286571,-0.00365714249875626,1.27029339484641,0.00822241124630992,-3.11560736095398,right_middle_force_sensor,0,0,0,,,,,,,,,,,,
right_ring_mcp,-0.00113237528055357,0.0238703719688609,0.00952607686199634,0,0,0,0.0126841225581623,1.41417826326796E-06,-1.666844746193E-07,5.54064892660323E-08,7.23300817348625E-07,8.86433709420519E-09,1.82688743122534E-06,0,0,0,0,0,0,package://RH5DG2_R/meshes/right_ring_mcp.STL,0.25,0.25,0.25,1,0,0,0,0,0,0,package://RH5DG2_R/meshes/right_ring_mcp.STL,,Aa064无名指总成-2,r_1,r_a_1,right_ring_mcp_joint,revolute,0.0111,-0.0056513,0.15225,1.5708,0,0,right_hand_palm,0,0,-1,1,2,0,1.3089969,,,,,,,,
right_ring_pip,0.00124281044061491,-0.0110585126142759,0.00864414643558225,0,0,0,0.00574474657698306,5.22557556206245E-07,7.92367889635411E-08,2.23194341433631E-10,4.52303571562805E-07,-2.01137075433801E-09,5.21859642587957E-07,0,0,0,0,0,0,package://RH5DG2_R/meshes/right_ring_pip.STL,0.25,0.25,0.25,1,0,0,0,0,0,0,package://RH5DG2_R/meshes/right_ring_pip.STL,,零件4^Aa064食指总成_1-3,r_2,r_a_2,right_ring_pip_joint,revolute,0.011359,0.042391,0.0009001,0,0,3.1416,right_ring_mcp,0,0,-1,1,2,0,1.4835299,,,,,,,,
right_ring_dip,0.00199307958784926,0.0150615704086284,0.00810244574416518,0,0,0,0.0075189518145346,6.80977230944785E-07,-1.14917000909466E-07,1.99878842848452E-11,2.4269526773542E-07,1.11456423272019E-10,6.38483935430501E-07,0,0,0,0,0,0,package://RH5DG2_R/meshes/right_ring_dip.STL,0.25,0.25,0.25,1,0,0,0,0,0,0,package://RH5DG2_R/meshes/right_ring_dip.STL,,零件5^Aa064无名指总成_1-1,r_3,r_a_3,right_ring_dip_joint,revolute,0,-0.018776,0.00035,0,0,3.1416,right_ring_pip,0,0,-1,1,2,0,1.568,,,,,,,,
right_ring_force_sensor,1.41911600598579E-05,-0.00565473148586697,-0.00560250482685326,0,0,0,0.000820048134937872,3.88212712278784E-08,-1.00087150299833E-11,7.88213331959318E-13,1.76468888405205E-08,-9.00717776500754E-09,4.91658446125349E-08,0,0,0,0,0,0,package://RH5DG2_R/meshes/right_ring_force_sensor.STL,0.25,0.25,0.25,1,0,0,0,0,0,0,package://RH5DG2_R/meshes/right_ring_force_sensor.STL,,Aa指尖触觉002020_1-2,r_f_1,,right_ring_force_sensor_joint,fixed,0.014134336199563,0.0290944849058043,0.00809978577346985,1.88699078647135,1.5705209595372,1.97686869271105,right_ring_dip,0,0,0,,,,,,,,,,,,
right_ring_tip,2.38486403832117E-06,0.000209401830919043,-0.000234327502330628,0,0,0,2.30719425461751E-06,6.8185226836219E-13,-1.1377107800333E-14,-1.32797205654675E-14,9.6275187937845E-13,1.21151097073795E-13,1.22488930686394E-12,0,0,0,0,0,0,package://RH5DG2_R/meshes/right_ring_tip.STL,0.25,0.25,0.25,1,0,0,0,0,0,0,package://RH5DG2_R/meshes/right_ring_tip.STL,,,,,right_ring_tip_joint,fixed,0,0.00792351475286585,-0.00365714249875679,1.27029262558354,0.00822125473822143,-3.11560700255448,right_ring_force_sensor,0,0,0,,,,,,,,,,,,
right_pinky_mcp,-0.00113237517036673,0.0238703719654643,0.00952607690021043,0,0,0,0.012684122738921,1.41417828556163E-06,-1.66684472491451E-07,5.54064935655704E-08,7.23300824981208E-07,8.86434833949928E-09,1.82688746134013E-06,0,0,0,0,0,0,package://RH5DG2_R/meshes/right_pinky_mcp.STL,0.25,0.25,0.25,1,0,0,0,0,0,0,package://RH5DG2_R/meshes/right_pinky_mcp.STL,,Aa064无名指总成-1,p_1,p_a_1,right_pinky_mcp_joint,revolute,0.0111,-0.027151,0.15225,1.5708,0,0,right_hand_palm,0,0,-1,1,2,0,1.3089969,,,,,,,,
right_pinky_pip,-0.00124281020514839,0.0110585126995084,0.00864414647075187,0,0,0,0.00574474647431049,5.22557555817309E-07,7.92367963163774E-08,-2.23189964081961E-10,4.52303556688054E-07,2.0113713306541E-09,5.2185962360005E-07,0,0,0,0,0,0,package://RH5DG2_R/meshes/right_pinky_pip.STL,0.25,0.25,0.25,1,0,0,0,0,0,0,package://RH5DG2_R/meshes/right_pinky_pip.STL,,零件4^Aa064食指总成_1-4,p_2,p_a_2,right_pinky_pip_joint,revolute,0.011359,0.042391,0.0009001,0,0,0,right_pinky_mcp,0,0,-1,1,2,0,1.4835299,,,,,,,,
right_pinky_dip,0.00222557357243311,0.0149284752462205,0.008099201538517,0,0,0,0.00639879074245339,7.46378838867789E-07,-1.04535574404796E-07,1.57798577670713E-11,2.10978956906071E-07,-4.53277881428032E-11,7.03064825118522E-07,0,0,0,0,0,0,package://RH5DG2_R/meshes/right_pinky_dip.STL,0.25,0.25,0.25,1,0,0,0,0,0,0,package://RH5DG2_R/meshes/right_pinky_dip.STL,,零件1^Aa064小指总成_1-1,p_3,p_a_3,right_pinky_dip_joint,revolute,0,0.018776,0.00035,0,0,0,right_pinky_pip,0,0,-1,1,2,0,1.568,,,,,,,,
right_pinky_force_sensor,1.41971406114605E-05,-0.00565473193569874,-0.00560250599037111,0,0,0,0.00082004743069523,3.88212749831891E-08,-1.00083985424547E-11,7.9011015546399E-13,1.76468669126524E-08,-9.00717770781056E-09,4.91658227282361E-08,0,0,0,0,0,0,package://RH5DG2_R/meshes/right_pinky_force_sensor.STL,0.25,0.25,0.25,1,0,0,0,0,0,0,package://RH5DG2_R/meshes/right_pinky_force_sensor.STL,,Aa指尖触觉002020_1-1,p_f_1,,right_pinky_force_sensor_joint,fixed,0.013925,0.028117,0.0080998,1.887,1.5705,1.9769,right_pinky_dip,0,0,0,,,,,,,,,,,,
right_pinky_tip,3.66896549094942E-06,0.000209422861192674,-0.000234292118133222,0,0,0,2.30719425461738E-06,6.81723344030405E-13,-9.65201476737687E-15,-1.25388520278676E-14,9.62839871447068E-13,1.2118595624332E-13,1.22493023912686E-12,0,0,0,0,0,0,package://RH5DG2_R/meshes/right_pinky_tip.STL,0.25,0.25,0.25,1,0,0,0,0,0,0,package://RH5DG2_R/meshes/right_pinky_tip.STL,,,,,right_pinky_tip_joint,fixed,0,0.0079235,-0.0036571,1.2701,0.002365,-3.1138,right_pinky_force_sensor,0,0,0,,,,,,,,,,,,
right_palm_force_sensor,0.000380261192012399,0.00147915092716762,-0.00345600892819492,0,0,0,0.00510273517281155,4.17831133657834E-07,-2.11883543536805E-08,9.21527950541965E-09,1.54124870129943E-06,9.85909744226522E-09,1.92333269744531E-06,0,0,0,0,0,0,package://RH5DG2_R/meshes/right_palm_force_sensor.STL,0.25,0.25,0.25,1,0,0,0,0,0,0,package://RH5DG2_R/meshes/right_palm_force_sensor.STL,,掌心触觉_1-1,right_palm_force_sensor,,right_palm_force_sensor_joint,fixed,0.0212343518424586,0.000148200599369062,0.112104680934852,1.53156563052615,-0.00391420494901116,1.57094996107155,right_hand_palm,0,0,0,0,0,0,0,,,,,,,,
right_hand_casing,-0.0146497431487888,5.71244872097157E-05,0.064455836781081,0,0,0,0.0216316636341055,5.11687593124072E-05,9.93725728352238E-08,-1.93800589384209E-06,3.14212512089774E-05,1.87882390177664E-07,2.35188945509006E-05,0,0,0,0,0,0,package://RH5DG2_R/meshes/right_hand_casing.STL,0.866666666666667,0.866666666666667,0.890196078431372,1,0,0,0,0,0,0,package://RH5DG2_R/meshes/right_hand_casing.STL,,064-新手背2026.02.10.stp-1,right_palm_base,,right_hand_casing_joint,fixed,0,0,0.03,0,0,0,right_hand_palm,0,0,0,0,0,0,0,,,,,,,,
